IM,MEAN
0,0
0.1,0.059935351
0.2,0.331995619
0.3,0.491140674
0.4,0.604055888
0.5,0.691639732
0.6,0.763200943
0.7,0.823705085
0.8,0.876116156
0.9,0.922345998
1,0.95
