IM,MEAN
0,0
100,0.844147674
110,9.14E-01
120,9.91E-01
130,1.073122014
140,1.162499199
150,1.259320349
160,1.364205448
170,1.477826119
180,1.600909923
190,1.734245017
200,1.878685199
210,2.03515538
220,2.204657504
230,2.388276962
240,2.587189547
250,2.802668978
260,3.036095059
270,3.288962514
280,3.562890557
290,3.859633264
300,4.181090801
310,4.529321594
320,4.906555508
330,5.315208128
340,5.757896228
350,6.23745452
360,6.756953817
370,7.319720687
380,7.929358759
390,8.589771799
400,9.305188704
