IM,MEAN
0,0
100,2.876444986
110,3.28E+00
120,3.75E+00
130,4.274021349
140,4.877121318
150,5.56532371
160,6.350637185
170,7.246764924
180,8.269343743
190,9.43621694
200,10.76774565
210,12.28716414
220,14.02098522
230,15.99946288
240,18.2571202
250,20.83335175
260,23.773111
270,27.12769473
280,30.95563814
290,35.32373621
300,40.30820926
310,45.99603292
320,52.48645582
330,59.89273138
340,68.34409405
350,77.98801429
360,88.99277191
370,101.5503924
380,115.8799976
390,132.2316293
400,150.8906122
