IM,MEAN
0,0
0.1,0.062932119
0.2,0.3485954
0.3,0.515697708
0.4,0.634258682
0.5,0.726221718
0.6,0.80136099
0.7,0.864890339
0.8,0.919921964
0.9,0.968463297
1,0.98
